{
    "fileName": "REVColorSensorV3.json",
    "name": "REVColorSensorV3",
    "version": "__VERSION_HERE__",
    "uuid": "cda7b4b1-d003-44ac-a1ef-485c1347059a",
    "mavenUrls": [
        "https://www.revrobotics.com/content/sw/max/sdk/maven/"
    ],
    "jsonUrl": "https://www.revrobotics.com/content/sw/max/sdk/REVColorSensorV3.json",
    "javaDependencies": [
        {
            "groupId": "com.revrobotics.frc",
            "artifactId": "ColorSensorV3-java",
            "version": "__VERSION_HERE__"
        }
    ],
    "jniDependencies": [],
    "cppDependencies": [
        {
            "groupId": "com.revrobotics.frc",
            "artifactId": "ColorSensorV3-cpp",
            "version": "__VERSION_HERE__",
            "libName": "ColorSensorV3",
            "headerClassifier": "headers",
            "sourcesClassifier": "source",
            "sharedLibrary": false,
            "skipInvalidPlatforms": true,
            "binaryPlatforms": [
                "windowsx86-64",
                "windowsx86",
                "linuxx86-64",
                "linuxathena",
                "linuxraspbian"
            ]
        }
    ]
}
